{
    "loss": 1.6459321975708008,
    "accuracy": 0.8534482717514038
}