{
    "loss": 0.5079132318496704,
    "accuracy": 0.9396551847457886
}